{
        "emos": [
            0.12335164835164836,
            0.08928571428571429,
            0.08406593406593407,
            0.08076923076923077,
            0.07967032967032966,
            0.06785714285714285,
            0.06648351648351648,
            0.07527472527472527,
            0.07692307692307693,
            0.07197802197802197,
            0.07032967032967033,
            0.11401098901098901
        ],
        "pme": [
            0.18434065934065935,
            0.0978021978021978,
            0.11483516483516483,
            0.09917582417582417,
            0.07554945054945054,
            0.06703296703296703,
            0.06675824175824176,
            0.05357142857142857,
            0.05576923076923077,
            0.05247252747252747,
            0.0456043956043956,
            0.08708791208791208
        ]
    }
